,0,1,2,3,4,5,6,7,8,9,10,11,12,13,14,15,16,17,18,19,20,21,22,23,24,25,26,27,28,29,30,31,32,33,34,35,36,37,38,39,40,41,42,43,44,45,46,47,48,49,50,51,52,53,54
0,0.10859363797660442,0.22761244520455204,0.1695702383071136,-0.1387994879905769,0.13207745249073147,0.240222855729805,-0.15951812167236282,-0.05298672338403498,-0.11158262012507258,-0.017608054470805604,0.02204112290593822,-0.07682603523217377,0.12187864719186728,-0.23871655093563138,-0.23065602027998314,-0.20891550655788405,-0.03669183135520113,0.07066811634737202,0.11986563838693602,0.1556474803576579,-0.053553704682859325,0.09780839027594322,0.1377031815608196,0.290268534671133,0.13352481666688118,0.0606028032540401,-0.044868286798430926,0.031794905745952375,-0.16534862423868749,-0.19922216984480595,0.02653865073005294,0.04931162705687545,0.22042511745351198,-0.1694672718755895,-0.2169122224198091,-0.026953154187504273,-0.05126396198372149,-0.1775817384147018,-0.08524081118865619,-0.17728217843892174,-0.12680628088306517,-0.05410241106384953,0.02164660795098879,-0.03890357423396917,0.06987992413595535,0.034698885800205324,0.11637160841231523,0.0949797510546691,-0.08662514911219371,-0.09920754665922565,0.14441574860066678,-0.10588694062722319,0.11452649880511859,-0.13417169584192334,-0.1172472825965321
1,0.20327004334155643,0.18367030570727028,-0.034499834116488076,-0.12848797125808886,-0.36063106793871785,0.020025932351421347,0.17240049831893423,0.1819049027022462,0.0241348970936145,-0.16126503246211088,0.12042656581172878,-0.016360478831427456,-0.062366980961532446,-0.04631246391866779,0.07792431286873142,0.06466715408380534,-0.19575063406426985,0.02056745504103956,-0.36031019233557654,-0.05882290818812218,-0.1505592322548857,0.0254522224333471,0.1855779439931174,0.08344478901966397,-0.24637162147644534,0.04134623087280385,-0.20159520792292765,-0.09469584856938605,-0.06418952454520148,-0.04444019214512608,-0.09491191385019766,0.10799392440782667,0.09032594502808129,-0.020099912759938887,0.08018899202284821,-0.06366997921166466,-0.20953440585387376,0.0002299498106652766,-0.012166499617212912,-0.10441584063802206,0.14765438750032014,-0.12487878715041846,-0.07245908939564742,-0.03855549406045355,-0.2801691984425703,-0.06897189155603937,0.14548077295628367,0.12740773039164696,-0.026297258734332127,0.0495763607216624,0.007107587592159206,-0.054321440635940785,-0.16649648332548841,-0.03828179650676997,0.0817584971588406
2,-0.03512426009639694,-0.011763777781152215,-0.028101643518320115,-0.027082887150330193,0.09358422645275666,-0.08954237936742931,-0.02988162453532628,-0.1699780796052246,-0.11860575080435631,0.05846419769546497,-0.10615472608536197,-0.0391530001508423,-0.16181851290532837,-0.007188157412934854,-0.06720775146744368,-0.06455157178207767,-0.010144761607773679,-0.12335042201330548,0.021713135839426793,-0.14481327520577816,-0.029398509999789272,-0.12827414628569858,-0.23011711962727668,-0.1625611227060036,-0.08893331821223148,-0.264530875548039,-0.0805033559875748,-0.11471968946196867,-0.1871424521609627,-0.08308049458908624,-0.1457969863572223,-0.1613151605648252,-0.16226327858253586,-0.08979016159691387,-0.03756001100244325,-0.1935348266895042,-0.15538068288196835,-0.18933495219531796,-0.20109020204489716,-0.13310932130748107,-0.21464372657994735,-0.20924227457364805,-0.13199426132895103,-0.21284446289428482,-0.10982486000847452,-0.17364352189142868,-0.052058020945457285,-0.1559128114492123,-0.11579074558463513,-0.16575270516761495,-0.23178166303236156,-0.15185974236523425,-0.14287314520457972,-0.11448721778019648,0.02726489411196467
3,-0.07011244920174618,-0.149508555342396,-0.03090918838295821,-0.00845875377453055,-0.18903862869357496,-0.24371096048250862,-0.21928501034387166,-0.29006770114152236,-0.06191831749687193,-0.0018522045073744442,-0.15947567277026947,0.05835209841859068,-0.1484926386406164,-0.07522105356978678,-0.1946815471012302,-0.17430784785322684,-0.03036744465013382,0.147327116952814,-0.14679510603674692,-0.11394549840576196,0.029606714233211026,0.05925641675234874,-0.38025263745509313,0.0036298953027837167,-0.10635314457511892,-0.021657311623527888,0.04261481164191445,0.06937566579327839,-0.021790599560090284,-0.05430247423262251,0.12509920799069835,0.254363413308119,0.03922824457310234,0.0008176901132021193,0.044963359574591126,0.16573813706193583,-0.037197813483382684,-0.10989001347085278,0.024620980522169423,0.0200221976277889,-0.10382711858661993,0.09744019205949524,0.16947982115587548,0.11470509078600277,-0.15876419214094703,-0.02937339912990749,0.2816635553088775,0.1893397066137522,0.0534778859042567,0.12556746958398401,0.18964406565811312,0.005364162950860486,-0.020154573557979158,0.057958526108732034,0.007365062915791838
4,-0.03586638593090124,0.2821068254199778,0.17360767689142653,-0.014476375699071314,0.1257310160967387,0.3174400793436154,0.012557417940724144,-0.02934018924869898,0.030165389507432187,0.2615862608074814,-0.1864750111276316,-0.11798863111758817,0.002766538367251492,-0.0221298552750131,0.13795555773426643,0.08224355793408457,0.14022268259092135,-0.03844273478769938,0.035517033986494556,-0.3452893184603235,-0.013994721744715877,-0.17097510591413462,-0.1852876799716757,-0.09319369026714201,-0.1730872746257697,0.2678439987212724,-0.011730484913137156,-0.03393317948034003,0.1403674552765041,0.01518873741501685,-0.1533818464986953,-0.01378810090709891,0.17950435538414386,-0.0348179002654008,0.012886284203229691,0.11779894746790025,0.09984692404375893,-0.10963124106698072,-0.15549161308462023,0.018524310254279374,0.08463848865191856,0.06577996697000471,-0.08377560551417637,-0.030095906230880015,-0.09441322736510942,-0.15694583841136492,-0.06735336513913251,0.023002670262098252,-0.044028904361081075,0.18654182017897963,0.2497499208043608,0.019667154435941272,-0.044986693014795034,0.10479099900979313,0.04043774433346324
5,0.2847885379457594,-0.10474782095374965,0.17090412187787352,0.1622032076695364,0.2487945127144599,-0.06028204354726812,0.009980567445495553,0.2350444366265264,0.1683379046145067,0.13070551723912155,0.29880041268025753,-0.06739733846131825,0.0252301312362216,0.1180845446612428,0.009135608079572977,0.025914037857884098,0.0714682237376221,0.22801755208709926,0.17123725061374703,0.010099575708655587,0.14828347186699875,0.14111935725150346,-0.24109235095074524,-0.013995112901732713,-0.05532197839949824,-0.15737093159309218,0.023293714419396334,-0.0322764874351391,-0.0867635606184555,-0.05712401140503611,-0.054454920804171116,0.08190738415347644,-0.17748441770582177,0.07423172383098933,0.09328267374058632,-0.11823760601085549,-0.0776087027560294,-0.07285936725392655,-0.046953950104194196,-0.04323581569507716,0.18747895490003122,0.03273021636423718,-0.1059004880180477,-0.04876385918348752,0.06041616271533062,-0.05564502200915543,0.14822056896617147,0.34048946287230647,-0.18254006466500014,0.013091799227875386,0.12984648010926408,0.052927734715011526,-0.07062698200927477,-0.09339610325446268,0.06243194445980884
6,0.34628947985142444,0.19466818134476266,0.34374465493461726,0.14169685282808325,-0.07999094865558093,0.059216105239466174,-0.13416380945263018,0.06847543558783506,0.07515023783058353,-0.19966222352766097,0.10554102384369846,-0.04910797876701306,0.005461929496091195,-0.1135213632088577,-0.1346750274391615,-0.06985667812360738,-0.15506932028963089,0.012821145565712018,-0.058049468413723104,-0.14617133833660342,-0.08636793570076734,0.15294413801706447,-0.15019013636582518,-0.417232343506267,-0.018276333866116566,0.017746399334614464,0.16067521588830533,0.2619547845105003,0.06479279975270073,0.042758643375626085,-0.09656215391921437,-0.04968142164658784,-0.016118207527829553,0.007762325574764409,-0.05940606175231458,0.0021207520277480973,-0.0406823799507748,0.029095326204354205,0.1315191090039626,0.04484051098937891,-0.12858264029004482,-0.03160851773168089,0.12653594469555887,0.1730544616817926,-0.0185848508957722,0.11316813268122643,-0.173638203101424,-0.18273313592873705,0.050716088999036193,-0.040869010943291664,-0.11357159284633396,-0.0033888593444394294,0.04135243102255026,-0.03170596187830914,0.036041547393232606
7,-0.08336735993697972,0.01696423312334951,-0.24860763073913728,-0.23047175344865808,-0.06963731181663707,-0.0005019575285347411,-0.23179173918917198,0.06152909125366693,0.0235697694795325,0.04690992875666772,-0.04732002051572787,-0.4192770782336849,-0.06354484788340425,-0.1358244773317711,-0.06725458678423818,-0.0904599271589514,0.02385262330683635,0.07899463074960683,-0.10648127521038489,-0.05934987749425784,0.16718288064062103,-0.05565701896260043,0.018074833890534547,-0.01624101322669952,-0.06926684290195226,-0.17389029638059314,-0.0020451734989769695,-0.011681863932370374,-0.08510884391088931,-0.06002087839809779,-0.17479624886375228,-0.1730494356689372,-0.002907344649110956,-0.06082388591135773,-0.01859601582455431,-0.15119347616026402,0.08444540192870374,-0.11645247023639672,0.2091626745049723,0.1171585857095914,0.3503268367031832,0.23123020158052435,0.0363786484640945,0.21161535128699158,0.013827244177551393,0.12903573343688876,-0.18762266685314777,0.004869597929729436,-0.09732963630915085,0.039788175203788814,-0.028686654058616628,0.04282334107681668,-0.026125276033001812,-0.18769446175102522,-0.10291539355197882
8,-0.08646749610307135,-0.15400195216708207,-0.1604235092022439,-0.05573155444804376,-0.06335865408597532,0.1939488616585278,-0.20141784073861127,0.09358033473890004,0.15597592986792178,-0.1592845977294043,0.12165866886849802,-0.1467410728009696,-0.048745961006770505,0.025391137746599568,0.008759956236313149,-0.05639039795451847,-0.17589225404613218,-0.16721459787766318,0.008537865996047084,0.17709388126947054,-0.03259092809116621,-0.03627262361060893,-0.34454633253412253,0.06552833505848758,0.1927544469575595,0.47081738685507235,0.03743369796856184,-0.038814566258425144,0.04482721769009859,0.019582606733827456,0.07108038787003368,-0.05794117409580878,-0.018789957888053932,0.23219897419131827,0.12579175496782416,0.13168710651860333,-0.16372870772647866,-0.099156484948849,0.05592900982661891,-0.10329936455028706,0.014765616115095493,-0.032073947231422824,-0.03727558152898182,-0.1396300390668945,-0.02654062943358943,-0.10411907940648223,-0.05551312578506434,-0.053614587099338265,-0.21701731834174065,0.027385039209315995,-0.10701388298368665,0.014668519206914851,0.0396636732686365,-0.15806109661279344,0.0697743312196565
9,0.03662834108740651,-0.08361439179759253,-0.03163932489435995,0.04337893209956721,0.11498585007451033,-0.01750413184049092,0.05725849475076738,0.06884984627017526,0.002470020180703518,-0.1849739113820883,-0.044635725228004325,0.11477693898330439,0.017248996970309714,0.01708098615999351,-0.32413816054321476,-0.3415566044401728,-0.17612158775037873,-0.1379908533256543,0.049729821402829416,-0.0419740433551829,-0.08612773632635784,-0.08742004990957619,0.15855664913993006,-0.10429882575847968,-0.04071355973260246,0.061060962958826445,-0.03821466705837005,-0.15997058782783466,-0.17779306838068665,-0.06995838291332833,-0.23158864169308607,-0.16957281018643652,-0.23582758887871447,-0.06721093150278913,0.03923158526245393,0.2259885484710006,0.03871634497149495,0.14553394871646355,-0.16561100578935148,0.020212360553621012,0.07484010470315616,0.13794025310574817,0.010555434810847059,-0.14154496564058863,0.009973177950047296,-0.08247935866652045,-0.10430125695713242,0.13611320684106748,0.20808798310819732,0.263323970549284,0.15497491467286703,0.22132798969488024,0.049977256946437905,-0.07712257961378774,0.020047787421882166
10,-0.2362570426620344,-0.323398598017945,0.1626835365758579,0.022461000074488896,-0.08670372680178012,0.2802480380624056,0.14259991189896465,0.24762580686593968,0.26827488354866624,0.23736873474687678,-0.015191801409941141,0.16522345940710823,0.08520675334623637,-0.07537886909102993,-0.07035734675064978,-0.028285116450253528,0.031614502571346514,-0.10209637390235851,-0.1700043480344252,0.0340332688532651,-0.08876714900280382,-0.04627232911823162,-0.03266113463285675,-0.052106196256867035,0.012529415771836472,-0.18501845738224335,0.03806468745152804,0.10497282327837429,0.027461499805502318,-0.08117224485656523,-0.03388070533557033,0.21256705805464515,-0.015615107749770133,-0.08670398347688175,-0.16242764912099414,0.0812102887771022,-0.009188932656205384,0.06278227398776187,0.014036616366631694,-0.031326603563448456,-0.01972218721109581,0.11730773106731184,0.2061134356148793,-0.04834676375865417,-0.10182664242284709,-0.06820093241760965,-0.07841036108514463,-0.037251619433387485,-0.04960984242956943,-0.010982638068703868,-0.009126671474749524,-0.16056336695687073,-0.18444736593183886,-0.24608101353863493,-0.25311681917311823
11,0.10773661575802516,0.020402252853463636,-0.01272685357510113,0.1689400259757028,-0.07158428181450534,0.1196388230600415,-0.12407964195152733,0.0791456164083542,-0.05823893494090329,0.12686392278058917,-0.05866858679769149,-0.09470439551188257,-0.06433576492774008,0.17374550485273355,-0.1268552854739316,-0.17132423821586162,-0.0637535409951002,0.08875745645322398,-0.07041891959357943,-0.06875580323231334,0.4192701566787611,-0.0319833298360449,0.41167591591269914,0.06595201503353798,0.07984509787813265,0.039431973968130196,0.26004624360949263,0.07697244809062898,0.09411339032434216,0.15912328858129632,0.11685611505168625,0.10844741408758704,-0.08507294678598143,0.10959878824764421,0.0864339606731398,0.0060744431753770225,0.01149699590182969,-0.2788625621512538,-0.14428463876458375,-0.02018694092750182,-0.14203331033071254,0.031645957129952364,-0.04046371756886618,-0.06401443131539838,-0.11274740452142291,-0.09832571940282385,0.03634096229589432,-0.09024693235935585,0.04497848416498585,0.12051176955835341,-0.15210910339885564,0.027898517969884625,-0.2601830702355533,-0.01139950864010792,-0.01577356756282913
12,-0.08330258010982831,-0.15907729452930877,-0.05991655006349337,-0.15798830369253092,-0.05141832533153013,-0.3306533957819458,-0.07329094892735481,-0.12304393132059975,0.05797153246590668,-0.04167725207166058,0.16929779600376377,0.0005551825401839683,0.3810425940449612,0.08280562139352463,-0.03464724608552847,-0.004849322222574892,-0.030941067025593127,0.16020617345312205,0.08832863159398952,-0.3429084213465751,-0.1719084753759944,0.03027987518215869,0.2380500871719861,-0.23599821482307135,-0.05387444208619341,0.24301020909695198,0.003860511398876554,0.09514865083482055,0.07748733310689711,0.10413369666242298,0.016320277405523692,0.016799827349480073,0.0341601531206471,-0.013206999246028629,-0.02260564581233306,-0.002440372768014864,0.04787299036278923,-0.1147131340138765,-0.064112696239546,-0.11719915227773811,0.04202264697187377,-0.036351561093685716,-0.07739326331536528,-0.06136328710316881,0.090008780055229,-0.13023137830858478,-0.04453241907052326,0.07385150490581009,-0.20096627470544354,-0.0548138837059741,0.01793815493731032,-0.12350869768577086,0.006905905541379437,-0.06579885648467472,-0.3042641090533542
13,0.13877727066490164,-0.12904208386689933,0.001581967442921349,-0.06665758270441338,0.0014901671294161312,-0.05235941457732493,-0.28091805106790674,-0.06749096119358744,0.1597425482362394,0.08452061402673475,0.05764201719551619,0.11479956627125809,0.21826502030084638,-0.018419443754843556,0.19570329964020022,0.07392173175666575,0.28937257916960585,0.042069034891671575,-0.033271224680458365,0.003085784585690976,-0.0659254670652735,0.03351525532946809,0.15155091021010308,0.13640170059949602,-0.07185428910264595,-0.033359513915652596,-0.11222621623215386,-0.0033404473013753655,-0.18331728963962607,-0.09336321273937734,-0.13416538213433093,-0.11364649555269318,-0.05555085747978793,0.13579165761769607,0.002237636669776261,0.33248019616990543,0.10181630218345734,-0.15440823364703823,-0.0038859490268133576,0.0771556000528224,-0.14663337476691213,-0.19745506691970688,0.1003545999501637,0.16840525709134896,-0.09236010681472162,-0.0005132452641797619,-0.05558251816326841,-0.1294638216676867,0.060389809997476424,0.08632336632418709,0.0065622007681693005,-0.006985727059814048,-0.061061184341707195,-0.25012252492618636,0.3601475468697069
14,-0.05873690788044022,0.12187062018744044,-0.02996564526018082,-0.10731975467983626,0.31925316227447426,0.07367918278601701,0.029783985719356143,0.00108477831473432,0.2135858419550003,0.023353851435180997,-0.09411486142669179,-0.06259261130680632,0.10224185588256443,-0.025808365102354985,-0.1800096828942437,-0.1791417695231892,-0.14696984491947462,0.12932130144674586,0.18681557105120372,-0.12446765414207346,-0.1156222328245528,-0.18476832347634825,0.038403440940615194,-0.03596616833425659,0.03684304797303767,-0.14925904473792523,-0.2589458384322543,0.012443253631636897,-0.10819323289103822,0.1404273178411829,0.09226288349476697,0.1734456966958236,0.18319663436895103,0.22356158790934275,0.268578679996119,0.11154537477473894,-0.00667817995965243,0.18945162949284347,0.15884530290764542,-0.00015452265089175156,0.024011706499526452,0.013008027447780863,0.010303845569313509,0.09770943404035204,-0.044967378469337634,0.04949029129605796,0.1520299020521744,-0.03544138347863375,-0.014985510367566249,0.003963132631098768,-0.30288545484821333,-0.14183969262182727,-0.15373509508950522,0.09220650616322407,0.11777115217770201
15,0.0023547935722406173,-0.2645815084110414,0.04409739353781881,0.03437582732155266,0.09117554451000659,0.2841623334506726,-0.03271513537275137,-0.060549109322600575,-0.32511486692556313,-0.37173260288028903,-0.09678228963570851,-0.2849242392043321,0.08036893847267453,-0.03735497076943801,0.1680632721939605,0.19455394257332778,-0.053383352530317854,-0.016268222358065375,0.10253827839283795,-0.15718038933763614,-0.14455609308406758,0.11172194130491207,0.04000289780414488,0.04525955028802155,-0.037257738559910686,-0.24096111597879877,0.07250353776118965,-0.0895629556433761,0.09871323503400067,0.15141028978433788,0.019919717829074597,-0.014558216734606139,-0.07975035607489592,0.0312281480015682,-0.05957946842839623,0.1619726640077197,-0.11792076638356147,0.08108894026280652,0.04474815653250694,0.05829027403727391,-0.13187127960284156,0.02068937822075051,-0.10141446777043038,0.01116217967569394,0.032458117993671654,0.11314797786727249,0.1465401594499968,0.06138081802001408,-0.0825097044678267,0.20448773299025905,0.0823499388883895,-0.04593946704073924,-0.18665768111395087,-0.1115748606168607,-0.090462037475114
16,0.04918812617521979,-0.12607906338031855,-0.133756013190855,-0.11288572752435305,0.16628539782520538,-0.02474408148549353,0.018310142446636625,0.099160140247493,-0.029384178601979262,-0.06471293575766021,-0.17335530519985157,-3.505750155025078e-05,-0.041215167530665724,0.02640407050115811,0.03212298429755808,0.08006494745780098,0.08541234228164682,-0.05991321248142196,0.1310307419171704,0.09665987888601879,0.012055602392627485,-0.014825247417941056,0.024958966078026182,-0.21710900654465953,0.05908402144824337,0.3942535885246687,-0.02276480579864243,0.03774305660423677,0.06449154673159753,-0.08169987704702802,-0.20991461606113326,0.08960283228293175,-0.04773139472458998,-0.1158941323104377,-0.12744705924710067,-0.33163192857038004,-0.024461331393653155,0.005779082240606553,-0.07862024342965851,-0.10264075906636849,-0.03172033958093439,0.012661603351694938,0.18627294052158402,0.26693305784665255,0.060067414827460204,0.07295082441962332,0.2880220096618463,0.07689810649928872,0.2466496275703954,0.053500101196684566,-0.07354594705461459,-0.11750729116485356,-0.29201320363622213,-0.10669096448731188,0.12080105737223272
17,0.07873322657097621,-0.05756277772779668,-0.042023225262953684,-0.3059248208890553,-0.2582978307941248,0.152327506250132,0.08252551536757416,0.09657117060942683,-0.20130740108938583,0.22494731157906944,-0.041045435291724025,0.14164381541654572,0.30033153438279125,-0.07122223501338089,-0.12286723229185487,-0.19648345294272399,0.1700128961315436,-0.07360842166819274,0.009393676579835364,0.047731219068426686,-0.09541277562958603,0.18698191537820408,-0.1654949212394752,-0.04615465384074874,0.14827332943392801,-0.12476594350820744,0.003771406904511082,0.13517689500323732,0.09596030880706685,0.1085385222160162,-0.059200459178233716,-0.1468436321677986,-0.058611016272622996,0.0733278644657161,0.08612986099900573,-0.17663491085540414,0.04709244528211054,-0.048852732484552505,2.228829495729001e-06,-0.014799624935980915,0.01245172377016798,-0.13855472103331037,-0.11753545209982022,-0.037707684111213176,0.049183603600237415,0.04665069536330607,0.09318054484128709,0.06592194084988284,-0.06108353410170468,0.3548543391984537,-0.15932299067667618,0.08742827207033446,0.02213783628873095,0.20532789514792915,0.07253320553097624
18,-0.4418735886003325,-0.24078786751500106,0.058839463058678876,0.05896298866381572,0.06019406961404766,0.0171008444434025,0.07981733780770063,0.23705563963029372,-0.021818914025070024,-0.09307852223018198,0.05830319883771967,-0.13459913505917093,-0.008667343877427874,-0.027124330951425912,-0.023069350697787185,-0.13132846663109674,-0.049565011555460094,-0.031037625315805173,0.026253931446005102,-0.16122391550836193,0.042518012607975164,0.06417487113359423,0.11516068932050925,-0.08070889209652149,-0.05659185145055967,-0.06884605483570508,0.0781130770784933,0.10974456632809647,-0.0578032150234508,0.03998018679956618,-0.0020433648225632525,0.0959554833842642,0.22667533870731804,0.006329102098228866,-0.05976034736774735,-0.15149095145976277,-0.13762749175886935,-0.18447818075202668,-0.011192411992270827,-0.04411141006182852,-0.02544170362464131,-0.23136166273920689,-0.059339231330589284,0.09757839809292791,-0.06143308113351059,0.026671015992705834,-0.12065630718990165,0.09090426473772954,0.08807249566404157,-0.05313364038622505,0.14336717497946844,0.07384369913366275,0.25040235336202127,0.09267673575895076,0.43894062289087354
19,0.21466752232360983,-0.07957127889775602,-0.2930490554817634,0.01798842793497163,-0.051319942701673504,0.27782243460319234,0.14744100813470748,0.009490573394168117,-0.32340595272100975,-0.05400870227182473,0.21695919898483967,0.16193393055631664,0.10904348820076859,0.24509168653383054,0.012717010551163005,-0.06752384298020803,-0.016443216697488466,-0.0032076161711735857,0.06824607386001133,-0.2560453846199053,0.07607288559869668,-0.06856195402122241,-0.1356584244612726,0.025002374563391938,0.03961842072274718,-0.033777504813505915,0.03621536803067649,-0.05771847810436062,-0.11930099380284873,-0.030231988593062226,-0.080034911572787,0.10848606455852132,0.1987195155598011,-0.0425673409148684,0.059277212659452544,0.0037478013111895483,0.04107784593907521,-0.054038233194364724,-0.04281306861771934,0.2354217060771699,0.0631320849086703,0.0980589557074879,0.25073911559074513,0.11337593112729509,0.006086477785886862,-0.19890116728060564,0.05740064675392864,-0.08100826697627742,0.03413506072154415,-0.21430720950481386,-0.0750988921591561,-0.06473879149688616,0.2140674161891026,-0.11483441253658597,0.012431099274204216
20,-0.13136237438677908,0.0735454032807768,0.2358315109101808,0.10041483751575347,-0.17771470709327764,-0.0939354203785083,0.0837355356657723,0.003854690710750369,-0.018237615793754783,-0.1742369319800795,-0.044883262721311046,-0.010101344636386497,0.3788938858474857,0.20783323507119417,-0.07616144301420318,-0.06633250154330121,0.13831860595091175,0.017925052907930242,-0.09155810832164657,0.02921782928402629,0.20604705256249645,-0.2123665485235239,-0.21023522574513204,0.03550117574258503,0.05059618972573021,0.07641221719028923,0.19765886798004867,-0.14529831866158135,-0.25327949092528446,0.07950595807985929,-0.004242510231594082,-0.18351078148113822,0.2151073365162792,-0.11201484239969273,0.048887448138832335,-0.024097646990799013,0.04341855483655885,0.07436959455894793,0.1634891725088811,-0.02571083015504301,0.053698917623724474,-0.038087095435472645,-0.11853100880888683,-0.10912358292422863,0.01050103649217643,0.20042980932858262,0.10772961901326294,-0.037779660235141316,0.10797373115395274,-0.08629311848035921,0.08474222483010257,-0.0557574728325871,-0.26802657609381836,-0.12914056627047268,0.04332556508916696
21,0.02649049549656834,0.05939237078000008,-0.06888594299887633,0.10147253844855685,0.023909228587380343,-0.038700985429470716,-0.12826365000056467,-0.046912754474056226,-0.05116671740884709,0.040164220110248734,-0.01528482067137815,-0.12850288258405657,0.28766016585235993,-0.10382739668314855,-0.05750757806820336,-0.052185507335023404,0.09449078669245867,-0.24975971212767328,-0.042896162551764726,0.17967412088090812,0.08802634681119009,0.18309454823583873,0.041716810858674645,-0.12902624806126417,-0.21450107207208718,-0.07641974571235062,0.06462393428827574,-0.1578921318479655,0.14898962897233037,0.1497798922968334,0.13705031718988703,-0.1105804753087836,0.07067048800486617,0.009415253889570874,-0.23051065693317607,0.10051081225379628,-0.057136375194471095,0.1977681534999426,-0.10169869490883912,-0.16158244720484327,0.13558266462377427,0.24216425267421612,0.16673709074382015,-0.0030300293934309268,-0.1117036146123982,-0.28587525813513104,0.05712361026253539,0.12473196937204262,-0.0944310947470931,-0.2026844263004976,-0.12103611509636418,-0.06379472485527554,-0.03429940899078698,0.10976815982903622,0.26613310359769926
22,0.05120791842336554,-0.13972791614489902,-0.0020190988503273905,0.04091534237400562,-0.13835523131414607,0.1172319448796389,0.06229845581990116,-0.0395874267399471,-0.012820876687730274,0.04589596224915239,-0.07757593219437561,0.0010441230595790926,-0.22080368339635292,-0.14483284922934841,-0.04051782562340178,0.0584235303703481,0.28755466601473867,0.08070741176799028,-0.002888633865732307,-0.10442849407497126,0.05307479490915967,-0.09453311038905172,0.19354193066925038,-0.2622845255041944,0.07165716721227582,0.062416665957128775,0.0797770483860947,0.1175150881231998,-0.05359774973647938,-0.15538633466694396,-0.12533551372321916,-0.09163931244945918,0.05681635360219611,0.11139946499593675,0.012171170430412659,0.20415722105264084,0.007465851341728412,0.11042619660255132,0.08314093517976315,-0.1713120966342439,0.041574319379774835,0.1477995298197582,-0.2245982365571266,-0.19314517987370047,-0.05804066318390427,0.16294393106770194,0.37058829930453474,0.060798022327790455,-0.087482808347143,-0.20393615525177577,-0.1550596722825005,0.07193463385322556,0.2757338107695198,-0.09894876786288304,0.061525470787845024
23,0.07544136875341553,-0.18817577141568614,-0.1310264178099562,0.026807056830654485,0.04376833091519034,0.08416524853790085,-0.13614999246541368,0.14375986836031462,-0.04526995400545883,-0.020606879334527005,-0.1998636929517511,0.11938710018339266,0.10940162451572345,-0.08851110563908796,0.0026184356471722625,0.027891248449167655,-0.05614362556317905,0.4194579925918325,-0.0130380484575843,0.14382508099735183,0.12804540895931538,0.10147862674007685,-0.09549144949450653,-0.028299896069700514,-0.19311537211647314,0.07081821965986179,0.03864946299141439,-0.25843519951532457,-0.10777526036148055,0.07175891895152839,-0.2513164452985128,0.20148396337616414,0.1099019293842089,0.0006975840902183617,-0.08163023917106368,-0.007229528844809804,0.03154906868267675,0.17077324445511902,0.0051040253162528415,-0.2382083265625816,-0.06268216340211968,-0.08629697043697362,-0.1511196203803924,0.04695060118972874,-0.06936774928752132,-0.03872524082983134,-0.1455316239603043,-0.2843427438088876,-0.04546322160996753,-0.024083555477028118,-0.017781365544971228,0.18234883882977815,0.05986044452873587,0.19417722658850345,-0.1410178173527961
24,-0.12720208033655586,-0.0620526599193273,0.14161352225395016,-0.20248639302961,0.1390482123584823,-0.017733414731932587,0.18832307513633684,0.026742565648572858,-0.1720500579869131,0.029090142845123734,0.18033362511636647,0.13590143605261923,-0.1779992000304908,-0.15042652653560162,-0.11553994448408397,-0.0009124227134098828,0.0911407960100114,0.2298601014687789,0.12299500907226835,0.1371924657976626,0.19188358093621857,0.2259685843282924,0.00467583126421893,-0.07513074006680828,-0.26235215042336923,0.19560781451554254,0.001063758348005872,-0.0902358215296021,0.04340093793013847,0.05379795734218362,0.10994825119786938,-0.23302110004863721,0.0506297956266608,-0.0869768340788716,0.07250056402837074,0.20007466162203108,-0.20908284181847145,-0.08488068605089888,0.03309339176814918,0.2543162061051766,0.10022455073633772,-0.0029577260911808345,0.0328456857928211,-0.06497273666161169,-0.12522028569452592,0.049908719589184095,-0.05547490652503864,-0.10087517759258652,0.0776756572378485,0.10407000327700015,-0.12352016765682824,-0.2877921756205373,-0.0349731055106528,-0.038517452423274506,-0.04907530859235758
25,-0.15700494635856913,0.011188833135331352,0.17119681781723411,-0.16507481076552305,0.004929370145945175,0.15159297536790006,0.019358047818580804,-0.2654423907132063,0.03755282200966219,-0.018508800077843834,0.3729496441048229,-0.1773352413408562,-0.06414149545372691,-0.07508698039215006,-0.08278258076996306,-0.0896494470764389,0.23578820831232494,-0.007800266580879095,-0.14281736903856188,-0.1530335903334109,0.05330497462090496,0.054140145991688315,0.013016526477962448,0.1352915111280335,0.017573298789529262,0.13755343252949426,0.060525948584949404,-0.17516539873551362,-0.03950822276739256,0.17682899233857588,-0.052647643240428976,0.24085876953440888,-0.35631384657309595,-0.1241047858386848,0.11438135168048275,-0.13405235850704886,0.1300616003240304,0.306947641079429,-0.10849083315349933,-0.07495121682539624,-0.031145753879843543,-0.08033880999260912,0.07360079049334309,0.09065453745807414,-0.05043489628910555,0.0434465736407874,0.033427284959356374,-0.09802912621857332,-0.01633214584827042,-0.053564764910594836,-0.05939738135678015,0.0751622208162287,0.056068440383735665,0.0024313018109498596,0.058029473794112066
26,-0.32320093281199463,0.2530015050845902,-0.06303709901804147,0.1251927556696878,-0.016414274153767644,0.029090945533443158,-0.0014563263205863708,-0.027299496885518047,-0.23268244876731425,0.046266373546298256,-0.05092932312099016,0.061890996523899525,0.07617237925804823,9.269185176391526e-05,0.0041839247284251035,-0.024312596361586614,-0.11103110012530913,0.1009540305900994,-0.007055481978908984,0.04951251005969539,0.01887805734979145,0.27149505703278054,0.08451310706230127,-0.15673417661886696,0.05989417102576752,0.09352358254250898,-0.011105744880278726,0.10116501480702139,-0.07045389407771666,-0.3189881879514942,-0.14972913442507943,0.12202901136486172,-0.14728628145617487,0.13068242940537989,0.0312819715831026,0.01104590238391312,0.06539349631977408,0.15397862936035023,0.10337942546725333,0.29481343070249866,0.009405031540147199,-0.0927948944467909,0.05104334395746016,-0.10760840106444375,0.060155924580461095,-0.077950505038002,0.05361933440105726,-0.046547909940314575,-0.3434980007659204,-0.09828794660688234,0.10294452362591819,0.10611195988760218,-0.26394686857452504,-0.04699707536548038,0.13756698575537007
27,0.10721237892653214,0.060987677580818696,-0.15211867552741162,0.08549148202852164,-0.0480146515079662,-0.14981797104541378,-0.031011983067405005,0.2517030493144449,-0.14726130477496965,-0.002640939840123785,-0.07344349123127918,-0.09183027404215202,-0.14841989929016852,-0.08105800641145558,-0.021723171199044232,-0.07716112523679845,0.3065098987999444,0.13957306327968455,0.0025119153860365673,-0.14926001121456833,-0.2459094988729668,0.02241294874896753,-0.07141006954320099,0.06995545481259986,0.2954689022773212,0.08373711483639448,0.0963352783240769,0.09166223338403222,-0.21781435067186847,0.051857792789229834,0.22406106408867418,0.1718459224350475,-0.05119955520424735,-0.060132351492882485,-0.21159035880586538,0.10956779547474044,-0.05894702669533547,0.19821569464841785,-0.11200220746546868,0.052172988168744924,0.17469094248365796,0.011693773541283689,-0.18328519212292252,-0.03745260111978768,-0.0030750773136135334,-0.09584415629603674,-0.2447577159987194,-0.037364203068886076,0.06908612055512947,0.048811381815279026,-0.005070580211518627,-0.23297486299939227,-0.12529782388133764,0.010084630974466637,0.10831008699718403
28,0.05290505709306745,-0.168567981562679,-0.06602429554745656,0.11259455652298839,-0.06076719217279384,-0.08806982794366265,0.05522084148455334,0.13907239205183927,0.15688840321616002,0.08521351934532863,-0.0604859170708224,-0.3190213958311602,-0.05377809608620408,-0.01806218929491838,-0.053356927297722366,-0.022357417542522656,-0.12427374832388459,-0.05188339360698839,0.04646924597932956,-0.13988733314689064,0.06577960318756837,0.35665687061427237,-0.08188540690266327,0.2639294517285584,-0.05904955719277891,0.08159583456915835,-0.10452918913518276,0.17609594717440805,0.025837334458962788,-0.03276510909041161,-0.133063430031002,-0.233465805361875,0.15554393863815838,-0.13780693422230667,0.1004150499409482,0.013787205353530035,0.35598834119914735,0.22947979967717708,-0.05051662243216576,0.1161717909218695,-0.18965507966573641,-0.11206369865941063,-0.03632467563902937,-0.13182611014099668,-0.03176170696773917,-0.12445662892479767,0.13799211248435894,-0.024159720638648578,0.13217696378118166,-0.08927945921458764,-0.04150901303339215,-0.12849670454196224,-0.009201310798326867,0.022679206037938437,-0.06103324908429164
29,0.14743988602061972,-0.20821624101004108,0.3467286376344316,0.07261405351115127,-0.08553845997187903,-0.06241700589988981,-0.07532908315658748,-0.20009176230525771,-0.0861527115252134,0.005789160915011637,-0.3138442941238486,0.09537059268985229,-0.1803184174477136,0.05487049929527511,-0.0858852976533312,-0.04593705010217973,0.061475593634848086,-0.04759108721770644,0.057215433960956366,0.0124095888684779,0.022301077427303084,-0.006571381052981495,0.1414624760962498,0.15616418935806756,0.10326029334568432,0.06378760284353534,-0.0787639793420506,-0.06708596933401109,0.09614117806452308,0.20141609354766682,-0.22895822849567873,0.04098146735775218,0.15546520660807017,0.1090505484207529,0.07432011340847378,-0.18028654294461305,-0.08643628443317136,0.13864121214879835,0.16218871904461468,0.0953395425691108,0.23790019961675635,-0.1719242947827932,0.13241568938426934,-0.023856944236245237,0.0590936139781648,-0.19269179678163284,-0.1861388457616084,0.1468823946414149,-0.18352497399023904,-0.004804045438751049,-0.01888854060619835,-0.0998994531629739,0.06190824365084701,-0.14589302361076162,0.04724941684404814
30,0.13364603743995884,-0.18860161236530865,0.16462806390360307,-0.32666746618909814,-0.05729021912157688,0.1543781346477101,-0.06151078994584572,0.021859032203469853,0.15637884782670072,-0.0531304321647898,-0.15454386677479048,0.01217601649701612,0.0053996804793358805,0.12326128458616552,-0.015607755854928684,0.10716374205300067,-0.032405600707614585,-0.09195483788551606,-0.02632287038058166,-0.16891453155353564,0.20192118515945223,0.13657660318482995,0.09731782110515258,-0.13506236618495363,0.18311331347382737,0.04606882089770968,-0.14849493939202046,-0.14373798321780512,-0.2605451654315335,-0.18903750090519317,0.25638601194213884,-0.09520017464500283,-0.15093883784647258,-0.017836678598985536,-0.022705461868888097,-0.04822351754106419,-0.08323130397415163,-0.0005908586570874952,0.16394329756482798,0.088467502208469,-0.061673514606704005,0.1168259275397045,-0.04012186811987145,0.04203930458788403,0.0004221905415261046,-0.15205580205839722,-0.0293329867036759,-0.039354361362616705,-0.011437729476854841,-0.15361444347339703,0.2012704609629421,-0.0619492971215046,-0.04706195762677046,0.3681452137384314,0.02675023332152629
31,-0.026624432795664794,-0.03888660483077888,0.16208916255315667,0.02252957814586872,-0.3598179942948312,-0.0983227776705476,0.015258939888520957,0.016207804003253078,-0.1105342536335707,0.2622097475926447,0.15608844601832417,-0.2223802221568986,-0.020504436680954065,-0.12160354005738858,0.05962554394511437,0.11365289460620956,-0.22027362800814643,0.17358849084352898,0.20510780790180738,0.08168793793321436,0.005343825831880478,-0.11774888802994518,0.02300886376980314,-0.22136947163668874,0.17510383532422732,-0.029071943259716543,-0.1826381835318018,-0.314529490083316,-0.0675507568739592,-0.001979083764008023,0.08098914972527266,0.021681521666340457,0.13776532076497439,0.10593453637384981,-0.025349563401858122,-0.07931187493415572,0.06817528358826769,0.09731118260844354,-0.17037456259936112,0.0032008246135021012,-0.1935095047300229,0.17455378403890554,0.11629797621473782,-0.04607671077300024,0.11480082973951987,-0.027763882548618682,-0.013685840591232346,-0.07619257455815667,0.06967955412001386,0.1988764693247903,0.047985468553522245,-0.02375889539448861,0.05479015152441,-0.15652828254508397,0.14182543912545367
32,0.04550260900035013,0.1261511639421969,-0.041483292244507405,-0.24047591300361362,0.0191314245367561,-0.03221647892560929,0.3582995571695477,-0.06729143393678161,0.04056479362252796,-0.16574185628109836,-0.20399173333960546,-0.03889269804541153,0.009858996361373606,0.0215383196569866,0.04892354747248025,0.058312895340142,-0.12617663505473187,0.12390864506964883,-0.015408792271755983,0.011121753690830183,0.297260693316134,0.11298420305805763,-0.1063997481078899,-0.08959149386640161,0.15277898428868975,-0.1134648671597283,-0.07023488352125304,0.08649096838705488,0.11631056507583978,0.09927463708841286,0.04605031867176118,0.13837707578757202,-0.14619287612828416,-0.11776979163079761,-0.0942841297981673,0.24475367960204214,0.25393892766588644,-0.10050841309680718,0.07537810250455967,-0.2989744939612252,0.1109806873342948,-0.12335609644258096,0.06899070384307916,-0.08689134986522074,0.0912622624994642,-0.11823055819263847,-0.07752834329676635,-0.01758794758701082,-0.007180222018842108,0.0464358725661662,0.040961842189288326,-0.057933798410495,0.09593501229342746,-0.2599127317372055,0.19494678504460916
33,0.05397325185901315,0.0009356479323624628,-0.0316724662739184,-0.05625492455198839,-0.07698889755575312,0.024442704030064225,-0.1289453783960009,0.21107577717174536,0.06817315275180727,-0.06099205744141435,-0.07358998367257727,0.24634549842051412,-0.03137622799983847,-0.1507892453282809,-0.060628363004000485,-0.1096647926657841,-0.12128901886601305,-0.05403738785671797,-0.009183320391143335,-0.09720540584538953,0.10043043437444722,-0.1842895824278184,-0.038756985215305864,0.06530334839324836,-0.2580269101532805,0.0635591249834609,-0.09996018371320145,-0.09130843749564477,0.1155109106613833,0.24751491371523848,0.09032332731813883,0.05788171536721842,-0.18184035602359178,0.06250556628341525,-0.264010605473818,-0.10013035218144617,0.22491816608639617,-0.006099844713543134,-0.07662913279717654,0.29575420685235204,-0.07590023775916374,0.01903341690897392,-0.183098410692208,-0.060743176229439734,0.200212696363093,0.2157793396384255,0.14414745542375615,-0.013292717278511078,-0.20047443738123447,-0.1268572728514345,0.09457374411293026,-0.19637002328021833,0.0760151619384716,-0.0908857613098453,0.17275570566815723
34,0.09142971199719312,0.0709538789934526,-0.24584406145192825,0.11991186435968026,-0.12320133513249512,0.10735870323413282,0.13553934795750644,-0.024073700822852165,0.2038949685162384,0.06633061338637547,-0.019324271399809585,-0.2396310499866659,-0.0865244155429542,0.22205201945680408,-0.11963061094702275,-0.2267182863800004,0.29257028769525806,0.04848901407636187,0.06034963577324934,0.15031546813920882,-0.11646579243423404,0.033955058816784456,0.05426017626211466,-0.240649223468381,-0.040302709003651155,0.001023117362799461,-0.13592132648646213,-0.26322692553595284,0.12752366884377847,0.13063108302945942,0.021167635989023423,0.053182251940043404,0.017687146413552485,-0.14092973837167183,-0.1018488821596749,0.10791124639130138,-0.11368601721836893,-0.08934338279092796,0.22094436244009705,0.15794053240853256,-0.219214366963839,-0.2808277120474574,0.06685158278009747,-0.021264538339613143,0.07365461699780369,0.0525035498851332,0.0033365487841127695,0.0869594169581935,-0.052505738220257656,-0.05226551662232415,0.15202796839558622,0.044264191160051564,-0.00026933029024313326,0.01551269305569546,-0.09407667641723733
35,-0.12945515805403052,0.1437987537912645,0.09663919226895663,0.021947817348037843,-0.0996603938112578,-0.11132805156002162,0.04846729986683995,0.24184780182428012,0.13236973636851446,-0.21323102297423902,-0.1878724579864708,0.03221747043881715,0.04687218632280865,0.1537857333662943,-0.05308953131993131,-0.025826960594217352,0.1961771529515091,0.22953793348053636,0.135551381832338,-0.24778617823405738,-0.05048757984504103,0.031108695075831624,-0.024017058630005028,0.27188277874202105,-0.009902342316269935,-0.012996518418882413,-0.05695503997429776,-0.11571008955104176,0.24561445876430454,-0.19518554243633454,0.04434953459230054,-0.1439207511855119,-0.10000493816370437,-0.06972996499308882,-0.04572481821380875,-0.0968137567323001,-0.2101412326913873,0.004693117046826095,-0.035939238967241216,-0.05082977971751411,-0.12517484977290363,0.21011610535427938,0.24426218555926604,0.004063861724499962,-0.020853217649296936,-0.036844488658900665,0.07645929614606994,-0.15995747455110668,-0.18196389432413515,0.10258596627164751,-0.18431606239025095,0.1519735993601179,0.14046919583618958,-0.045456651519621194,0.06596131589616662
36,-0.07367337082653948,-0.026101187723042835,0.08647538102399757,0.18344019099402123,-0.04074747216404144,0.03955221058405772,0.18596275181567576,0.042013773087527656,-0.04177170949123952,-0.03543990113653314,-0.1500649876056329,0.03736243739303048,0.0540725176529331,-0.1567284574340873,0.0029312838586864494,-0.01943509895562294,-0.03612230524406063,0.15473243286059324,-0.13613000129646324,0.12130772925083562,-0.1591637542009649,0.026033840678173874,-0.011973298052556987,-0.008958599057235506,0.20302882989780377,0.07607432855612967,-0.05287267049148249,-0.1464718502185018,0.01221472963432986,0.11232767778625305,-0.030451169258224747,-0.14662852311414892,-0.13129714730056724,-0.14592986960716908,0.2757266679917475,0.08255921235557429,0.15026276929759724,-0.23751157647758994,-0.14214926772736736,0.05372755509336336,-0.12088028046964941,0.1595876781566159,-0.18584188079086716,0.45085420366844814,-0.07129621522935761,-0.07300444319485727,-0.07580808604573583,0.2360489954907548,-0.13682061329560913,-0.25163702166188123,-0.0985253993820649,-0.04571522378699712,-0.0050434555105774645,0.0013331863307553538,0.011399607795346142
37,-0.12839447764575293,0.114755714053326,-0.12489763915492663,0.07537483793956162,-0.10797986875796228,0.1544325327368556,-0.1397335093781754,-0.11506168281385953,0.2296488201330982,-0.09359908899758104,0.03455397063888927,0.14665065372299613,0.05165957335120272,-0.15907941760050587,0.10773600726323289,0.09108571523558973,-0.05193632982188952,0.1331801045036326,-0.019130238198639862,-0.18321755767278491,0.30954814592330426,0.01314160461509839,-0.057349902794273835,-0.02623427825157576,0.1894244987666514,-0.045632401999282556,-0.028581807934864117,-0.07105028128358787,0.002946442343744648,-0.04387988123367219,-0.07735585065948306,-0.09022963924587915,0.053182616820901085,-0.010433833204194137,-0.17549967343487452,0.06845438603793616,-0.1831904621496147,0.1420090135210242,-0.20823761658807527,0.12541824404702656,-0.004102478539840235,-0.2330438123559182,0.03513480019432305,0.0014488035863551435,0.11282591894238128,0.04293467951264483,-0.09738041392498092,0.4389453505139854,0.13999951770224303,0.05298615805093085,-0.27013154972926295,-0.017537171984444447,-0.01925837348732644,0.06638520495045079,-0.10241391885262394
38,0.03567006493724082,-0.05857685955069942,0.09550264750119657,0.14859873334712334,0.1483636731357186,-0.10406835361959998,-0.13613778539325777,0.17422637091302268,-0.2583801633889094,-0.0028904609598897207,0.06430098498136301,-0.07824620016805467,0.12424632748817876,-0.014870354712615188,0.13002839327297108,-0.09084802661923815,0.0616415883841292,-0.11528967350362096,-0.21166867973243667,0.04052749227993713,0.24208114296002345,-0.27061945047792807,0.010405237636948584,-0.0980613506198551,-0.02836365758305774,0.08243546670855575,-0.29339646622922805,0.06937636681205406,0.06561498001926935,-0.21997816003113105,0.13338507992877474,0.10101456151897013,-0.04243342450240796,-0.2990171031526038,0.07007583639139553,0.05707740982845827,0.030289003484923235,0.13669569512161653,0.2091921098211092,0.004940063829390995,-0.12463356584439969,-0.12361329985809111,-0.07102927602789261,0.06452042729569432,-0.01608920704762741,-0.10682320642334676,0.0032632821081818586,0.07580297221687296,-0.13371472320155026,0.2544830774112067,-0.1667741098684398,-0.0734680816968289,0.1958044781112716,0.013557010065608333,-0.07509793239985119
39,-0.07499891439959695,0.0025032869288211107,-0.15349918671841745,0.4400548967602073,0.013221949787232137,0.2281356995740495,-0.089872602298284,-0.22903306701573134,0.0854356439272356,0.05609619058163913,0.023296202160729196,0.20578305243027192,0.02007249662817505,0.013127121363643454,-0.11617598641762286,0.07566546393821663,-0.02830260427043924,0.02765178878635044,-0.06327886903734575,-0.14419864822129405,-0.054412313746436125,0.2816387108608088,0.025409094308169122,-0.035241433484500886,-0.005066528962881678,0.04572997436451799,-0.2498202418344222,-0.06601028697841022,-0.05243658174225885,0.030704514438575053,0.2075311243319875,-0.09842854607511686,-0.02633983121580666,-0.11932047845702512,0.012307297651939164,-0.24582617470908347,0.03466918770925975,-0.0774111222156279,0.18143629471450587,-0.19434693898451907,0.1827100426702321,0.08895650611265381,-0.14095354739027086,0.00011815302442969022,0.01524839416168966,0.04838151685877818,0.029121973817616192,-0.150468161217368,0.09427595843740276,0.22592816782252506,0.0332925954505067,-0.122833526901678,0.05469683269023273,-0.16802767779346015,0.0861937640688106
40,0.08810176141417837,-0.23977314704546854,0.022333247995779675,0.04173456599103694,0.007379571958291586,0.1790403882584208,0.18399242735728064,-0.2654339153814189,-0.0076798247324528085,-0.05955743495658086,0.12756070037992842,-0.06586503073162488,-0.04692070568716118,0.04902269388355657,0.05743328728374433,-0.21864057908026036,-0.06618825329318606,0.3868465664843586,-0.10063472477871038,0.08745501554886731,-0.09128433396008964,-0.28825392924429494,-0.01747931511236092,0.07290078098035871,-0.103025393847183,0.06243626676120559,-0.07255028426802648,0.24178282205220542,0.10054867854763955,-0.15171198758805207,0.14155315829758947,-0.2758344596166047,-0.001845323886121908,0.05355696492629154,-0.2898396835067575,-0.10411596928957967,0.12177752275010034,0.07653919831659278,-0.0053603337896451775,-0.027245627529213445,0.03695769523417392,-0.010311668790382117,0.042565709236190324,0.0014630331855071954,0.014167925291405856,-0.07977556109918918,-0.08887676301479892,0.025452693450766447,-0.06350796253466309,-0.013230109998861483,-0.013344675543403642,0.0849299423882502,-0.20512160267002155,0.14916857840869974,0.16226470794159817
41,-0.09036532237239477,0.010361262652266973,0.08881483272060273,0.013340539786017042,0.10550721254382035,-0.015160424457991536,-0.06476564755457127,0.10177071592318165,0.032368602176715625,-0.016298684233662486,-0.007993529562399945,-0.00435169696576132,-0.19277092251295996,0.2310143048904958,-0.03830467652568767,0.10063422825664337,-0.04612292666162855,0.0048962168636521655,-0.2225357313726594,0.06839418901081513,-0.05214322909786423,0.03764977178395252,0.020629551790126516,-0.12486055792480999,0.10558701530590693,-0.035025158122208244,-0.035071555209443994,0.03448601789826644,-0.2862790424185578,0.24100750491712758,0.06046096976107354,-0.20195949261202217,0.13529003564532327,-0.06649714443899439,-0.17237622794421537,0.10424811843393153,0.09749592298173321,-0.0052672414846274,-0.2988896643593582,0.02637762382700429,0.1912368772267936,-0.18757866944782797,0.19742418344078197,0.15967238992852908,0.06556921202226357,-0.0036945995674621326,0.31317904543521907,-0.1469430221009681,-0.30224124053342766,0.17766783288059343,-0.03568090851950037,0.09605670269288286,0.0743633551750322,0.06968851820007346,-0.10751277150089192
42,-0.0776230013158918,0.07645127093547052,-0.06292636949039407,0.09614313006897152,-0.10088627681041663,0.06891456012652386,-0.13616318523522633,0.23022367632930713,-0.10357921736124096,-0.025992572721508234,0.05504261033483006,0.10198921530504018,-0.09658866398894529,-0.23163589660094824,0.043756756025473686,-0.01760282377204614,0.01001081157903666,0.07195558644122446,0.21952601443568595,-0.08101052834997258,-0.028400886911193246,-0.19116829231462173,0.042174879479612695,-0.01689896771305585,0.009900805569641943,-0.06858654592644874,0.14989933470689432,-0.09369290531160906,0.03140619010043949,0.016820441359415475,0.08277970878800779,-0.2545854315125957,-0.1985035391260518,0.08815771569214666,0.15516954508915828,-0.0091737376398634,0.18571987186861985,0.02409775563753977,0.20053337173798735,-0.26980213385442714,0.09490392757049455,-0.3138376129618402,0.3125953524741886,0.04850886321579148,-0.09127131548655085,-0.15106342984736792,0.11819079221392054,0.03648822798334181,0.04937162277322007,-0.07474889214726917,0.22420480740046808,-0.17262194662348285,-0.032046898105502014,0.11434620105678059,-0.11977651829256683
43,-0.02154930902823239,0.07635995403530078,-0.12736850510139502,-0.10297333881457366,0.1455835961497522,0.07996486081835863,-0.16089737887177807,0.0060795771278521656,0.033145516910291835,0.05301059613438251,-0.060743558256089764,0.008388226012845817,0.06724080601222492,0.15840908295503625,0.04452371948814065,0.15216881595249332,-0.06773818105621272,0.276711350372411,-0.20158938870482965,0.1272165870012845,-0.10735942329088863,-0.07198891564928767,0.047561026464940974,-0.051674960382614495,0.08396293456351027,-0.01682881897334362,0.1442066407347693,0.15101595731474088,-0.07853788444148306,0.23652392055251553,-0.1320165585163836,-0.10055324737090794,-0.0893772914217897,-0.17687919020850068,0.12652831573981677,-0.1569704060664428,-0.07022655139089301,0.11524001089066485,0.0648527011097596,0.07460694278312356,-0.24453240683489774,0.1695522925298327,0.16730699691863682,-0.31480571295642573,-0.19535821748187399,0.020849895571012057,-0.04428801970353758,0.17928433346665656,-0.027379059173937292,0.05796540089307624,0.12470649174302428,-0.2461954208666156,0.216092427635163,0.008947049684083053,0.16564302041972911
44,-0.04106931193383466,-0.027614972156466078,0.11211471900933286,0.03208617041313998,-0.07096979716249993,-0.011456286156018566,-0.07611148450686996,0.010508424767286376,-0.13027801228827335,0.2341357120329136,0.04259615899214808,-0.022169426016585607,-0.06542525234537191,0.3271721481762784,0.07034329085717185,-0.05326169341165573,-0.24982405813420755,-0.032523031545279774,0.09412218869494375,-0.0939827816753658,-0.1404666734176281,0.07780802014345357,-0.0045412350617237765,0.11691555095949498,-0.004485548542399451,0.07407444037308751,0.06389209363172947,-0.1901455122944774,-0.007318326943411002,-0.09686649530376566,-0.1823815763554689,0.061390065955055896,-0.13462869548168455,-0.1301070050676031,-0.22059503395007532,0.2359945269035295,0.11851749518540444,-0.11951756783264236,0.17670436296817316,-0.1725938657864492,0.11226677210746958,0.02444869400796,0.06413860339677245,-0.02249291942956981,-0.03506181203699561,0.3420417131586843,-0.05777316728549445,0.14201381428620063,-0.029794859635126902,-0.02598510687783586,-0.2638034787994177,-0.1900629773407152,-0.0019889944961686,0.24573706304156698,0.10418695485330594
45,-0.008767201919278036,0.05065843347733669,0.06575997931667267,-0.07713250619291365,0.17905800859578797,-0.10678923326494275,0.05313029038465354,-0.02823170039007658,0.0778322765706885,0.1339509397360864,0.024393574526794554,0.032028887123128826,0.026630954406221007,-0.09836547872140125,0.13885671366694885,-0.07561800095437872,-0.17291437054648298,0.03959760774164783,-0.04761980073252965,-0.06738377413554866,-0.1173448080870852,0.006178052997152359,0.0031567002972659984,0.02829483519776801,0.18927845171223273,0.022301616415784313,0.2526954591546065,-0.22532745746468227,0.04219702971597462,0.05240272172384447,0.020088430701326702,-0.04490589153953141,-0.020117563016913333,0.006604352649642736,-0.3343439359476568,-0.08973502725804502,0.030846360976993614,-0.026067903107465415,0.3360079055463645,0.23184260922358393,0.0027792769624997715,-0.061917882504062015,-0.1893230995329151,0.037552754662308375,-0.2634584813503178,-0.30214954216047696,0.25545221202066,-0.015505785580236547,0.14853986107665473,0.062213437625811524,-0.11111991224994777,0.19242798098751807,0.10036674770514688,-0.15941042821011778,-0.039215256475047436
46,-0.1192293364709183,0.1165254666401045,0.04427713981143949,0.07547697425288111,-0.09637743462118326,-0.015914551597246723,0.09317011099474493,0.028299981704868672,-0.07346583013545757,-0.11332679313890304,0.08415078974878487,0.039300093119174345,-0.06487242796052059,-0.005142750294406528,0.18835083640058772,-0.08960996685959749,0.13568274109401307,-0.07609177304112952,0.20676697353806756,0.018955164881688823,0.1287544360566103,0.05769143885721645,-0.03468808047407296,0.05435594694180927,-0.05731147800503769,0.08947439848916316,-0.32191233485523035,0.23576295365560798,-0.3464492630018194,0.34225937664086303,-0.1505963885810298,0.0036085829003513203,-0.08088059922093543,0.19034293602834423,-0.23940515284556313,-0.03541855148286255,0.03815789893608995,-0.09638382456140235,0.18426112345958076,-0.08016907371018352,-0.18730961282487096,0.23763741957456083,0.051416177130068644,-0.0031617906333458387,-0.18461754673311573,-0.08343072734829245,-0.04601963569770369,0.12539731930979464,-0.007366811500805481,0.0328083242550148,-0.04085366493073564,0.08837332641990427,-0.024830368194346322,0.04782768259991811,-0.17350361422932176
47,-0.05812803485006501,0.014603394656161985,0.14114581298303935,-0.02815212585546542,-0.11636958717227155,0.16206411380858304,-0.10917355334319516,0.06081218345999487,-0.08038069842550163,0.100198267108351,-0.24850005658351687,-0.14168034703976456,0.10078155819884758,0.06776084269440935,0.00016908964933237333,0.1355809592498723,-0.035386643115584496,0.11526766687545288,0.053393248600898766,0.070545336242987,-0.17272518715227422,-0.019100416001952586,-0.027217018887532682,-0.011330199035468565,-0.3362068060977464,0.10373538690869041,-0.01934701673090171,0.11983365856777473,-0.2140505370441303,0.055626365406170025,0.2740071376977629,0.0789139504423293,-0.21917266452885475,-0.06343915104611388,0.07833453816092414,-0.012123442628341585,-0.009484643733336129,-0.0673660985613265,-0.002640041176727559,0.0930185340313584,0.13206745757948493,-0.12491535508342351,0.07232263153174126,-0.11078979605203589,0.1994216410574422,-0.12112655112332113,0.028117721422220326,0.13118960551608477,0.2895503847263037,-0.16433180586294455,-0.25527997021837084,0.24852673087809074,0.11060887798484151,-0.14100783893922123,-0.04591992944388679
48,0.14990349386429536,-0.022403912940228338,-0.1617122080749458,0.043997328901339755,0.030115712012958262,-0.054526564880841455,0.3096303740886216,-0.06605777369326014,0.06974889079520155,0.1465323328026455,-0.08395400128397243,0.023061145297178398,-0.012725020395675024,-0.19961135884637982,-0.07469360598565031,0.15248175432708488,-0.06674280974730873,-0.1442268329437482,0.05868592280557586,-0.13448489035314423,0.037142343214873225,-0.027254894690043274,0.04585515083965615,0.08871928139828042,-0.20022442029934037,0.14791414818672538,0.35069132642501133,-0.0342889896984474,-0.32875568135268884,-0.024351786786771662,0.177931079239261,-0.032037329112895085,0.05692374361397174,-0.052982911801599315,0.021836557276298775,-0.049937080405862075,-0.019233431230571058,0.07215925509595404,0.14006018767192957,-0.06654067840725897,-0.22530487663195214,-0.036316579266342394,0.14564894392141595,0.10740086903681616,0.09496263723746885,0.08571702614703564,-0.1425073371994642,0.14446677532631572,-0.3368882091061987,0.19957603320802714,-0.08700635442486197,0.0833172650328009,-0.02058278724507795,-0.04513322614117636,0.06627321956539207
49,-0.04974351465724395,0.05183445043442845,0.03464522801641776,-0.22818587824158124,0.010802680051882979,0.07896507916905512,-0.2314549887464439,0.08289710338373842,-0.019960578686758636,-0.14853533771857602,0.07902158396953216,0.23235860632534522,-0.28484747896574136,0.20516216467888537,0.11149568763943565,-0.0986520188659926,0.09265068843327401,-0.019356172503326174,0.0883445499944299,0.011076724460615396,-0.08704205663870183,0.14466981264083079,0.014975705230022007,-0.13884375715397781,-0.07761495463474369,-0.08868919566191845,0.07483154672943249,-0.09867395315533552,0.054874850988036364,-0.05365023626072332,0.21668981758132697,-0.003770277278034216,0.29683697988498114,-0.12200479458610149,0.1012216140263231,-0.08059138208165784,0.352004991063443,0.11156063935923732,0.00830738016106529,-0.09951468950742773,-0.14820523902676594,0.06434281388615685,-0.10353007147634347,-0.028132928100136907,-0.06900765760411134,-0.03015427363510728,-0.159903065707659,0.2317037510773058,-0.05183428499486631,0.005511349151497147,-0.10390353389460717,0.17407481721548843,-0.17199814202362065,-0.19185059053668185,0.029936996829073956
50,0.05347098472934313,-0.060426361367411564,-0.06753771824313702,-0.04422688859204456,-0.07805498168022605,-0.017866808779298346,-0.10326616052979089,0.008689224140668077,-0.06183948904012873,0.20696842237094548,0.05516490254477984,0.10345204220474433,0.012979421651907935,-0.03611523867067948,-0.08848886546461478,0.11960679072344396,-0.15892345149616294,-0.02397225875776009,0.2823008671815035,-0.07434613032568892,0.07454355923994803,-0.10316077696066833,-0.007603628228645409,0.05404442618113723,0.13455046873418386,0.012120622915119464,-0.1637667834364835,0.19690086933996045,0.11299300355073058,0.21153892244174577,0.051206279499083324,-0.07183131760033848,-0.022225918830903774,-0.43554516813957495,0.001334711788141374,0.11964622906250694,-0.2274374959442118,0.13630881834522487,0.006395621624584097,-0.00404829748103365,0.06259104887486919,-0.057932900074547,-0.04207442601931606,0.0651075035105657,-0.25187300244303856,0.12564900388385036,-0.002452294970096275,-0.060787005913794656,-0.10023282165080936,-0.18072148211243483,0.12751215426946033,0.35704555406336014,-0.17175525630768393,-0.09339017706372828,0.10335086662947872
51,0.11574200026733475,-0.1372073512333592,0.009122655095054194,0.09080024567293261,0.18078399425639574,-0.07471916607086074,0.018748459193948214,0.05652723864496448,-0.04240492105237151,-0.11529831553148595,-0.0003345553802579643,-0.018929692420920408,0.05870590523727773,-0.32548522479555414,0.04316333149611459,0.046773362614596276,0.0914020438081741,-0.005768517599203271,-0.15502279152221238,-0.11184209001471443,-0.05648716221482359,0.031808451838194036,-0.011475057928554022,-0.04366712650703186,0.17728058422221116,0.0611432637546836,-0.1482833763171098,-0.16598390007245042,0.01660107516180795,0.05671498492482008,0.0645120431835515,0.08899843660387102,0.10023158816177424,-0.05863323596320841,0.045084410477250286,-0.07030633018666832,0.1975386082673028,-0.2897928854874981,0.010466305274719187,0.10951325625054756,0.08854157778150394,0.0105418616552183,0.32990123655534886,-0.4380846287253449,-0.0955378606937529,0.20783002427110858,-0.044805591620777505,0.006579610335579189,-0.011797435758453479,-0.07892525360057223,-0.10449348643932863,0.24661583224500247,-0.14142658527140883,0.14186400861131593,0.02065952862297593
52,0.05167741271443244,0.010725632604155232,-0.010209429296632544,-0.0555575311810976,0.18111433088821743,-0.043067341593325495,0.06577686768665786,0.07622312028087687,-0.17273994970719575,0.2661129047095223,-0.14133813779659343,0.006027325749933546,0.020497369942178975,0.07335328107757241,0.2555256744552633,-0.3075730028428252,-0.06473953563630365,0.02074460730691749,-0.27846050383757354,-0.1867721055155755,0.04765685337794712,0.16485531924837005,-0.038947017396208455,-0.011112321367163,0.029496577145704042,0.08732696911597557,-0.11001229024707043,-0.06374188043262766,0.036968339209338674,0.051608311307493715,0.1639115242328605,-0.1799550135430337,-0.02561866592873327,0.2826607499317642,0.030628773131944353,-0.014971786066467686,-0.18683998558659698,0.18323311380582533,-0.07878215655620377,-0.16357901901680283,-0.07673015239172484,-0.039243461065832,0.11308960780920177,0.05877951147310348,0.0007505634036839987,0.27731116431602487,-0.06404055102546559,0.0478041486380968,0.0782387644843367,-0.17863884887710124,0.1429279695668668,0.0638337507481606,0.04116119205352424,-0.23732523389141882,-0.12693015657693849
53,-0.069851505390595,0.027094130563966756,-0.00538873102591042,-0.0673252449816914,0.0957068462314818,-0.03272536764122547,-0.055224340177479236,0.13326880624903964,-0.14458723779736718,0.11097298719087612,0.19447106978590642,0.0740069549493172,-0.13896944657237897,-0.033190535807844035,-0.25056013169178026,0.1931282267104667,0.030399221446023444,0.04888118320839005,-0.30007014483915906,-0.13532761684525563,-0.0375351128648371,-0.026659270077129066,-0.025063131187303217,0.10471549787710577,0.024685497903620707,-0.0026939912891869727,-0.07308945395487822,-0.019113699299853945,0.08325702386166155,0.14464564133401586,-0.16231863666343577,-0.0951968313942124,0.08166089916855443,0.014527310361048849,-0.039062398232060924,0.13815016751717996,-0.10241176962087906,-0.048400684325749205,0.2600342997191807,-0.14840525743502284,-0.18944563091927297,0.0983369300699685,-0.014169092954671187,-0.005100915728823145,0.513830695698931,-0.22090904915278195,0.019865420126143323,0.03700233538385939,0.11307924177503625,-0.07849471227532435,-0.004795169540279525,0.11428586734581048,-0.1864520154424592,0.034299737040284356,0.09216296725334935
54,-0.005560396791787411,0.030509174810828075,-0.022302218924322097,-0.01694662582499592,0.07484043561289325,0.00043550723434881283,0.03736766780089659,0.058809281819522455,-0.15221582417575547,0.00020091173184774713,0.016193429065024162,-0.06288582403787155,0.06853234923295196,0.1669476497616614,-0.5277699737490709,0.4050698574154777,0.060889479634685856,-0.005428739577474001,-0.05636205788320389,-0.005591284258750329,0.021999300375893316,-0.06388755658019529,-0.05765189507586432,0.01996333499586367,0.023528707491059064,0.03668454316970715,-0.12552905891092858,-0.04010711876936458,0.10043550035667528,-0.10144781204081516,0.07948281238494344,-0.0208747825078084,-0.03625551827208574,0.33308141173785316,-0.18199104358007065,-0.045103141473714685,0.18189976532439478,0.037488350397136695,-0.027109857148301563,0.019276532055458654,-0.06660777015895453,-0.13615456819699584,-0.028614826691834735,0.0822486323838812,-0.36617908704054486,0.09860283796086078,-0.14552549538835852,0.1601221456380997,0.03755663924284981,-0.022810196074468343,0.0067136938817584785,0.026495739585990274,0.06673082416617954,-0.08442222902839332,-0.07165644773956108
