Name,pred
0c817abe-5de4-5cd5-a533-0fb4e3f46348,7
2dc0b687-3e89-56bb-9d6a-cac56b4f080b,1
3c48667a-b374-59d8-a3e9-d7a6229212ac,4
1b3c49fb-14fa-5bd8-936e-2e57426ee810,6
4e089068-c627-554e-977c-61472ad60e76,2
2cf86f93-cf73-56b4-a3ec-4373466b881b,4
3e0952fa-ed4b-563e-8159-197ed699b076,1
0f9fdf84-6a4c-5b19-9f24-2d4a3a691eb4,7
5adcf0bd-b4bd-59c4-91ce-644dee45f61d,5
1ba21f13-8b26-51a8-a4d9-d17364c14e04,0
2c0be73b-6b67-5bed-a681-8c0e99e4cb1d,6
2f1895f5-95ce-55e0-9aa1-023c2dae3364,2
0ee25079-4ee6-5ddb-b303-4b0bb2ad6e60,5
0d19ce9a-0d9c-5c70-a74a-221d56c79ba2,6
2a915ca2-e1e9-5ebe-accd-e2ec76cf9cee,4
3fc83dc2-693c-5726-99e8-962d6fad52d2,4
0f1a4441-f79f-5417-b4ad-af723d0fc7b2,5
4f28eeb9-d4f4-55be-a19f-0f491740ab96,2
1b41ebf6-67f3-5602-8131-b3d2ece88666,3
4ab69630-bc17-5863-80f2-2bf52bff7979,4
0fd1ad96-abcc-5f5d-8c32-ff0c574e325e,6
0de49bfa-ae72-5ad7-9b07-249e87666f46,7
0df0ea65-ef05-5015-b7e7-55bcc5e987fc,4
3e667130-d75d-5bbb-b411-54c21e94f086,0
0c65ad48-384c-5568-837f-b2af607816d3,6
03abf1cb-7f2f-5373-8ddf-8cce3857897e,2
3d0a7876-6c01-534d-bf7f-815b227f8012,0
3cd9319a-243e-5f3e-9565-073dd4733816,0
3ad536c8-91f4-598f-82f9-793ceb2d9f7c,7
03ed80e5-e56b-57b8-a967-07954eb643a2,4
2e06f5ec-d25e-54c0-8502-3eb6d1630bb2,6
1a9e67ac-cf92-5dae-8fcf-3a8ffb65b661,7
4baa7880-a1c8-5c67-a0d6-51a7f885114d,4
4ca01af9-d739-58db-8323-7cab6f6f9d1c,6
0db54d9e-a362-5e49-9d7f-da32285078bd,4
3e428590-b773-569f-a023-0cf91cffed4e,6
02c1183f-a460-5abd-a8e1-329b5e6e94c0,0
3a57dc1f-34e9-5e31-bbc8-1f34598ebe4c,4
0bec4000-c072-54d1-9aea-6f8b189c1781,4
1b6eca66-b5e5-55ff-82c8-ff26ec02e2ee,3
3adedd01-3444-5fee-a543-c97179868d26,3
3e2a2658-4401-56c0-b63f-1c8de3e3f343,0
3cbeee3e-bda2-551e-921b-0e0c9fdf5911,0
3e860d2b-1c83-52ef-8073-c2224b5851e4,6
2d0e8ad4-dd6c-5a97-857d-a6c1019d8fef,5
4df6b84c-9b84-5775-a59a-7ca325baaedc,2
3fb5bfb8-2619-5e57-bbf8-4bf94f0acbca,6
4b1d95ec-b61f-5dfa-bb04-63da3e4f2541,7
1b4fb800-3939-530e-87e5-0151e9c8f090,3
1de2aa39-c3f8-5d53-acc9-b8257dfe3cdd,3
1e2d8bed-9193-53b9-9443-f3bc98b6d8f7,5
2f4d8894-cdd3-517d-901e-397e70729414,2
3dc6a25f-a6b7-5345-9521-ef0e09140ba4,0
2aa663a9-e70f-5bf3-a181-2737e89af9a2,0
0c0ead0e-0dd0-534e-873a-dc19c54510a9,0
0c8f5504-cd3b-5c66-969d-06466c139bf0,4
5ae49fa9-d944-56af-b9d4-abcbbbca1b31,0
2ed0d4db-dcef-5efa-aed5-c60f31266667,4
03e6f840-2829-59e3-bf79-0c6090d8aeb7,2
0a1c4aeb-4931-5a79-a0b5-d815f7d264ee,4
4c4f1aab-36b4-5c4e-a9ff-ddf3d744c8b6,5
2bd7343e-9d5b-5752-84f6-ce0accc18107,2
4e4b1578-1530-5c6d-8961-916b67cb3da5,0
4e962ea3-78cb-532b-b1f8-5379cf5ca9ad,4
0b7dc97b-166a-51a8-92d4-a797a76dab22,0
1ec3a5ca-cdf8-5a29-8efc-b40a318129d3,2
0c2304d2-062d-565a-9f99-d92394520d65,7
0a10c249-c54a-50c2-8970-b88baf2f08a7,2
1a2ffdf7-fb88-5191-88e8-0b618ea84de3,4
03d5ed03-1314-5b81-b334-3adeb242dbff,4
3e537089-479f-5a21-991f-c7beb52c7b0b,4
3a92fcad-22ee-5c46-b65b-c19c9bba26d6,4
0d3243b4-6ef4-5ddc-8fc6-45f3e62ab1e4,0
2f014efa-c499-5e64-ae67-d3f077b56f64,4
1ad047b8-3bdd-5bf9-b675-6edb47af9a29,6
2c2bd237-1468-5ea2-9817-3b1f34704fef,7
1cd8c2dd-cf32-5385-8735-c93445d07757,4
1ac849d8-948d-5157-9712-42ebdb8b4c9a,0
4ae3b0db-6a24-5047-a2a1-a81b43e3d4dd,4
2fc6269f-2ab4-5411-a76a-ea988869b07c,3
0f9b41bf-f455-520b-86c6-1f365c106338,7
1df419a7-cfe3-5eca-a911-42637a5eff8c,4
3b7c028f-5ba7-5289-a576-0ab7f8da870e,2
3f33487b-c455-5c4d-8635-3a0dde512d4d,3
01aaa966-cba6-5760-a864-bee8df84bb40,5
3e9d897a-bd77-52a2-a1de-e9b8b5cc6f50,3
3e07ad9d-d406-5e8a-8912-97e99f4d95c9,2
1ced0335-6d34-5c12-a053-731f4986b73f,2
4f7a8b44-f353-539a-a63d-6f1721067a11,2
5aae7b45-e017-50bb-9d9f-cbc762afb14b,5
5a5db002-a742-5f19-b068-58ebdccc86e7,4
4b02726e-1eb8-5fba-ae3f-2fe443c7e586,2
1e21ac3a-d330-5f7e-9dc3-c8d8406faba0,5
2ffd84d6-13c6-50a7-9fae-b2584b57d243,4
3c98e300-6374-5725-90e3-5d7d3fcf5e1f,4
4cc52a37-21a6-5e3d-8790-399bf082f567,1
0f9cadfc-482e-5f28-960b-c68cace40247,2
3b4b3323-7da3-5f72-b8f3-caa1a8b6d5d2,4
0df35acb-6a6d-5bf7-baf8-7fd116efae02,7
4dabd913-1fc2-5670-a8f7-cc501128933e,4
0d7b109b-f62f-545d-991c-33f4ed130a20,0
4ac2b152-4d5b-5910-b8ac-c46bba640272,5
1ff7cb03-2ae1-5d25-8266-9effe0ae357c,2
4aa95506-9ca7-5b42-b2f4-6e7ac47808e2,0
1b7b4582-144a-51f1-a7a0-65a4ebae2d6a,1
4e1cf5b0-7a7a-532a-923e-45981a72a737,0
0e01e79a-bc00-5d49-b77f-5ef382bf4808,3
3e7d473a-fb34-555e-89af-22f58e0e3322,2
1a0642ba-3190-536d-808e-432da57dcf98,3
0c87ffd8-7ca6-5afb-a108-bcd0fba236a8,3
4f203ff5-a13c-53bd-94c2-e69a1b8af619,2
0c633fad-5a0e-5726-9dfe-28a4f4c6b282,2
1ed4f169-17e4-5101-8ce3-2ebc48169d11,0
02e9662e-15e3-5263-8204-53cff775e789,6
2d2aa393-b0a9-52c5-9987-1634f134665d,0
4c5005d2-0fc2-53f3-9bb0-d4cb0d677965,0
2d9efce9-c649-5dfb-8625-46fbb905dd0a,2
0bdc1188-be06-5e2d-8d6c-483cec14266a,4
4e6f5d4a-721e-5ffa-aa9a-f1428bb01bd4,3
3de9fcc5-d253-5331-95b0-9c5df07a94ed,5
4b009f1a-ae78-5b3b-8502-736f227b5c1b,0
1ab19538-ea93-55f8-8cf8-e6f52a3772e2,5
3b13b37a-078d-58ca-9eae-cc683394a01d,4
2ff3477a-6dc7-506a-86e4-745836c6583a,0
4ef92e6e-afa8-5cb5-a4b4-e31b98e2bc9f,4
2ccaa66c-0bfa-5025-abfb-7b4bd9a1e378,0
1c74243b-ef78-5ea3-87be-4aa715e17e28,1
4f27feba-7cca-5f8c-8994-a0db5d9cf66c,1
3b7b8eec-318e-56b3-8d28-f9b5849083ca,2
1bab7ee6-6ecd-5306-89d9-97306268b688,5
4fd5c03f-fd20-536d-8c42-ac4eb14693b2,4
0b63cfd2-519a-50c5-9df9-fa3a0178689f,4
3f28ee45-bdde-5af7-a138-051db43145da,3
3f2dea24-eada-5819-89f3-bc9e867afa72,5
05b9557f-dd5f-5809-b086-1c0fb2f36b88,6
002b7a00-95a7-52a1-8e81-6338fea1d6c2,7
1bb3f6a7-72e9-5977-9407-aa1e43a20d46,5
1fc76783-c528-5c35-8b76-e010a051bbbe,2
4bd4521b-d83e-5fea-9b62-00e138a8581b,3
1b790974-133e-56ba-b51c-e99621046333,5
3c840831-dc20-593c-bab7-de9feb7b8547,2
1e0fc443-3173-5e51-afa7-b720cd2f66a6,1
2ab5c845-cdb7-5d7c-a006-58530302d4e3,6
1c2d5ef6-9910-506d-b339-1855f7977f77,3
0c8271c0-5051-572e-bdb3-1ab199994574,4
1de6125c-468e-5254-bb00-851d6eb88ca1,0
4b3a1dd3-162b-596c-b718-9c72248bdbe1,4
05c6a02d-0252-558d-be61-80ee85ffd028,2
05e7d5da-3883-5ab8-b0e1-d8dcc6c364cd,6
3be1a350-2ccd-5062-892c-0c502587b3f9,6
3a267c52-362f-52f8-b0c4-6d52d66f5838,6
3a856226-5fd6-5668-a0fa-d639eb1506cf,4
2d99e356-7015-56ce-bfac-630d5f25861e,0
3f8429f6-b800-50f8-8a11-37aa1832691d,6
0ef6a579-a186-52bd-9765-506499f0aafd,7
0a6e00ac-823e-5365-bbd5-6854d9dd3ffa,6
1c154078-045d-597a-9a8e-61d986eb442e,4
2b2da50f-3454-5e35-a531-ddbd0392971f,2
0e0398cf-d97d-5ec9-ab9a-0b09821e3a1c,0
0d2d3c5f-d702-5b09-922b-9219fbad8da6,6
3b02841a-3c4e-521c-8e3e-81235317bdc1,7
00b8a056-d99d-59de-b47e-9ede147cfdbf,3
2ce59a33-805e-5444-8e90-6717e93e7aef,4
5b0961da-d080-5f78-8324-3c0c380c2830,4
2edf93b5-c112-56c1-bf76-8fb0fec81602,7
1c28dd05-b88b-5b85-91a6-a3c415f07902,7
1cc5c971-95e5-586d-9990-12c43094d21a,1
4ead6ff3-20ae-5a8d-9eb6-26a4c6faa6ab,6
2cf78c3d-b40b-58bb-98d8-c15362944176,0
4b84e2d8-bf9a-52f7-8988-cc1aa582bcf1,0
4cdb3004-6bf2-5411-8de1-4cbcc3aaa44d,4
2b40f46c-7ec3-5e26-87ff-7d54d34b3368,2
3f78de52-b298-50ba-a5f6-4bdcde422e14,1
5b4997e1-5ed4-5c91-bd29-06a42a365a7e,7
4e24e7ff-eab9-504a-a377-d63e8604b647,0
1df9e224-f9eb-56b0-8e3e-866e4e0ac85d,4
1e212750-3338-52e4-b465-1590f4509363,0
1f43251e-69d3-58dc-812e-db2e936f3997,7
1ebb74ec-e623-51a8-b986-e2e7485f62a1,3
4d543824-feca-5764-966b-c337296a657b,4
2eedf9d7-8273-53ff-8dca-f1ec28715eac,3
04d363be-e943-58da-9e9e-c685aee349e7,5
1ea245d8-5a71-5b37-bf9f-c687a08732d3,2
2ee9fcae-a089-53e7-9011-a55e1147490c,4
4aeee101-a6e2-550b-bbda-466b6b958838,2
4fbb0d26-34ad-5b00-9b59-7981cdaeaa77,4
0c8e7db0-63d2-54a7-a7a4-043544dde0b6,5
4bd0ffa1-f342-5965-b27b-ab9b62d28fca,2
2ff753e0-c60f-54a8-b4f1-cff0fe9ed322,2
2df393a2-af97-5c0f-a8fc-9d972a6f42a9,7
0e237801-cdb6-5b4a-a2a4-35645f8c5234,4
1ead3d1d-d5e0-5865-a6eb-d0d56b5bba68,2
0a3aa518-70a3-5e05-82e2-0c20d43b49af,5
2ac57fe2-1197-5eb7-8920-2e6f62bd7600,4
0ee46965-664d-5763-9b93-110e4f3c9c17,4
1f8993b3-9221-57ab-b42f-7e23366f8861,4
1a1e614a-a6a4-5985-add6-cf9527351a5a,0
3c447d59-502a-51cf-ab66-31cc4b536e97,2
2a91de91-3aed-5ed2-8cd2-b006e1e90d7d,4
3cef853f-5b7f-591e-b143-6571f661c1c7,7
3b42bf90-a3c9-5469-879c-1acc597cb114,2
4ef372d9-5605-53d2-8fc2-61257f69d370,5
3f08eefa-2309-56c1-be98-66f5e20cc637,3
2ab26452-5004-5632-8757-f264ca72aee5,2
0e87a693-ed6e-5eac-a117-04e754c6fcb4,2
3d3aa014-ac57-5691-b09c-1b035c28a8b8,4
1c5aa897-30f8-5419-a9df-0a258640de54,4
1a0bc304-3bcc-5912-af0f-987f2c8c9462,7
2bc5bd65-4d90-5534-8c08-34d524b2c132,4
3a222b51-b8fb-5089-9a84-96021fea9e9d,2
4e25aad3-ec2f-590a-b987-fb3b00757ede,2
1da00dcc-409f-5fa4-99f2-38b7fe00b048,4
1b4d091f-c04c-5e2c-8176-465d151816ea,4
3c6997d8-a66f-5f9e-94f8-95c2928eb85a,1
0afd02ed-5244-5fe3-bde8-808f35f4ba3d,2
1b07a583-94ba-5bf7-9ec4-66aca9c9c38f,3
3dd590f1-9ca1-5fb9-bffe-6a19c0fd14b2,7
2cea4a6d-84e9-5cb8-97b1-a54627516dec,6
3b81e8d6-1d76-5df6-8259-6eca1d9f19fe,3
0d242baa-ea33-5b64-8af9-c3caa904c8ef,6
2b74540a-b25b-5883-9299-2a4474f86a8b,2
2ca2386c-55b9-51ad-9a77-c66ada191857,6
4c119fc1-8a0b-5e01-9212-179fd192d0de,3
03fbfc74-89e2-59c5-922c-91f47fb16b29,5
1b25f452-b8bc-58c1-aba5-6e62960e1331,7
4ec12acc-724b-59c7-ace8-7b92f7a790b4,0
1b59cad8-d75a-5b2d-8f93-b8bd98f8b387,5
2caf2ccc-993a-55b9-b992-0f2dbd263613,3
3eab8fd9-5f7e-594e-aafa-9b16f656b390,0
3b8f2fac-881b-55d3-bcfc-d50c0dcdc489,2
1f8b2681-8c8f-544a-8f25-6db8bafa7730,0
4c572b12-bf67-5ab1-9434-ba35fa215eca,5
0cb175cb-f107-527d-ad4e-2b0ab5093519,5
1d0c2fb1-1fc0-5aaa-b6a3-322b2462b8ab,0
3aeb264e-00c5-5495-b253-e90e4fe970f2,0
0ed4e869-144c-5086-917d-be6a468ae0db,7
0f453786-1ea8-5fb7-b000-8a8040f50e95,7
5a9eb2de-62bd-52a4-b448-761304fcd617,2
4eb7e1e5-f015-54b9-9533-eac7239559b6,0
4d1b6fe2-9f44-54dd-b6f8-c503835201d0,7
3e91f8df-0f1c-5405-ac03-192f102a682e,1
1e92cce1-2873-5086-b0ae-bc7567b55134,5
1fd9762c-4eb3-51d4-867d-6ef9045ddf42,5
3edb22fd-f352-5b9f-873a-2b4d3025a9ff,7
4ca29186-1ba9-59fa-8bef-565da13f25c3,7
5aeeb1ce-233d-575c-9a08-d82620ee07fe,3
1d256d11-1d74-50f0-b6e4-2322a18417a8,3
1e1216ee-5678-5071-8bec-c99ca2e46266,0
0cf0fe33-8ac0-59b7-a9da-117d751ded61,4
